,molecule_chembl_id,canonical_smiles,class,MW,LogP,NumHDonors,NumHAcceptors,pIC50
2,CHEMBL24665,NCCc1c[nH]c(-c2cccc(C(F)(F)F)c2)n1,active,255.24299999999997,2.5967000000000002,2.0,2.0,6.0
4,CHEMBL94249,NCCCCCCCCCCc1c[nH]cn1,active,223.364,3.0317000000000016,2.0,2.0,6.299997602857746
5,CHEMBL157217,c1nc(CCCCCCCCCCN2CCCC2)c[nH]1,active,277.4559999999999,4.168800000000004,1.0,2.0,6.399996913372259
9,CHEMBL155188,NCCCCCCCCCCCCc1c[nH]cn1,active,251.41799999999998,3.8119000000000023,2.0,2.0,6.0
12,CHEMBL1241,CN(C)CCN(Cc1ccccc1)c1ccccn1,active,255.36500000000004,2.649800000000001,0.0,3.0,7.400007822415902
13,CHEMBL90,NCCc1c[nH]cn1,active,111.14799999999998,-0.08910000000000035,2.0,2.0,6.799998134593398
14,CHEMBL152126,c1nc(CCCCCCCCN2CCCC2)c[nH]1,active,249.40199999999996,3.388600000000002,1.0,2.0,6.199998172182031
17,CHEMBL158352,NCCCCCCCCCCCc1c[nH]cn1,active,237.391,3.421800000000002,2.0,2.0,6.599997654072044
19,CHEMBL157273,NCCCCCCCCCCCCc1ccncc1,active,262.441,4.483800000000005,1.0,2.0,6.399996913372259
20,CHEMBL275507,NCCc1c[nH]c(CCC(c2ccccc2)c2ccccc2)n1,active,305.425,3.675600000000003,2.0,2.0,6.0999990348465305
21,CHEMBL154068,NCCc1c[nH]c(-c2ccc(Cl)c(Cl)c2)n1,inactive,256.13599999999997,2.8847000000000005,2.0,2.0,4.300000029139088
22,CHEMBL511,COc1ccc(CN(CCN(C)C)c2ccccn2)cc1,active,285.391,2.658400000000001,0.0,4.0,7.899974269892137
23,CHEMBL83220,CN(CC1CC2c3ccccc3Cc3ccccc3N2O1)C(=O)C(F)(F)F,active,376.37800000000004,3.863100000000003,0.0,3.0,6.0
24,CHEMBL313703,c1ccc2c(c1)CN(CC1CC3c4ccccc4Cc4ccccc4N3O1)C2,active,368.48000000000013,4.8582000000000045,0.0,3.0,6.0
25,CHEMBL431458,COc1cc(C(=O)N2CCC(CCN3CCC(C(=O)c4nc5ccccc5n4Cc4ccc(F)cc4)CC3)(c3ccccc3)C2)cc(OC)c1OC.O=C(O)/C=C/C(=O)O,active,704.843,7.018400000000009,0.0,8.0,6.632644078973981
26,CHEMBL79496,CN(C)C(=O)C1CC2c3ccccc3Cc3ccccc3N2O1,active,308.38100000000003,2.930600000000001,0.0,3.0,6.0
28,CHEMBL94834,COc1cc(C(=O)N2CCC(CCN3CCC(C(=O)c4nc5ccccc5n4Cc4ccc(F)cc4)CC3)(c3ccc(C(F)(F)F)cc3)C2)cc(OC)c1OC,active,772.84,8.03720000000001,0.0,8.0,6.325138859262188
29,CHEMBL330172,COc1cc(C(=O)N2CCC(CCN3CCC(C(=O)c4nc5ccccc5n4Cc4cccnc4)CC3)(c3ccccc3)C2)cc(OC)c1OC,active,687.8410000000001,6.274300000000007,0.0,9.0,6.380906669373258
30,CHEMBL330719,COc1cc(C(=O)N2CCC(CCN3CCC(C(=O)c4nc5ccccc5n4Cc4ccncc4)CC3)(c3ccccc3)C2)cc(OC)c1OC,active,687.8410000000001,6.274300000000007,0.0,9.0,6.54515513999149
31,CHEMBL82714,CN(C)CC1(C)CC2c3ccccc3Cc3ccccc3N2O1,active,308.42500000000007,3.794100000000003,0.0,3.0,7.209996479609511
32,CHEMBL327497,COc1ccc(C2(CCN3CCC(C(=O)c4nc5ccccc5n4Cc4ccc(F)cc4)CC3)CCN(C(=O)c3ccccc3)C2)cc1OC,active,674.8170000000002,7.009800000000007,0.0,7.0,6.619788758288394
33,CHEMBL330367,CCOc1cc(C(=O)N2CCC(CCN3CCC(C(=O)c4nc5ccccc5n4Cc4ccc(F)cc4)CC3)(c3ccc(OC)c(OC)c3)C2)cc(OCC)c1OCC.O=C(O)/C=C/C(=O)O,active,806.9759999999997,8.205900000000009,0.0,10.0,6.801342913045577
34,CHEMBL330366,COc1cc(C(=O)N2CC[C@](CCN3CCC(C(N)=O)(c4ccccc4)CC3)(c3ccc(Cl)c(Cl)c3)C2)cc(OC)c1OC,inactive,640.6080000000001,5.712300000000005,1.0,6.0,5.0
35,CHEMBL96442,COc1cc(C(=O)N2CCC(CCN3CCC(C(=O)c4nc5ccccc5n4Cc4ccccn4)CC3)(c3ccccc3)C2)cc(OC)c1OC,active,687.8410000000001,6.274300000000007,0.0,9.0,6.436518914605589
36,CHEMBL316705,COC(=O)c1ccccc1OCCCn1c(C(=O)C2CCN(CCC3(c4ccccc4)CCN(C(=O)c4cc(OC)c(OC)c(OC)c4)C3)CC2)nc2ccccc21,active,788.9419999999999,7.086700000000008,0.0,11.0,6.002613615602686
37,CHEMBL79249,c1ccc2c(c1)Cc1ccccc1N1OC(CN3CCOCC3)CC21,active,336.4350000000002,3.1746000000000016,0.0,4.0,7.580044251510242
38,CHEMBL264007,COc1cc(C(=O)N2CCC(CCN3CCC(C(=O)c4nc5ccccc5n4Cc4ccc(F)cc4)CC3)(c3ccc(F)cc3F)C2)cc(OC)c1OC,active,740.823,7.2966000000000095,0.0,8.0,6.360513510731414
40,CHEMBL311231,c1ccc2c(c1)Cc1ccccc1N1OC(CN3CCNCC3)CC21,active,335.45100000000014,2.747600000000001,1.0,4.0,6.0
41,CHEMBL79838,Clc1cccc(N2CCN(CC3CC4c5ccccc5Cc5ccccc5N4O3)CC2)c1,active,445.99400000000026,5.318000000000006,0.0,4.0,6.0
42,CHEMBL83731,NCC1CC2c3ccccc3Cc3ccccc3N2O1,active,266.344,2.801100000000001,1.0,3.0,6.699991797446187
43,CHEMBL95127,COc1cc(C(=O)N2CCC(CCN3CCC(C(=O)c4nc5ccccc5n4Cc4ccco4)CC3)(c3ccccc3)C2)cc(OC)c1OC,active,676.8140000000002,6.472300000000008,0.0,9.0,6.533132379645891
44,CHEMBL310183,CN(C)CC1CC2c3ccccc3Oc3ccc(Cl)cc3N2O1,active,330.81500000000005,4.258900000000003,0.0,4.0,6.98999702587294
45,CHEMBL81485,CNCC1CC2c3ccccc3Cc3ccccc3N2O1,active,280.371,3.0618000000000016,1.0,3.0,7.969805214643249
46,CHEMBL17157,CC(C)(C)c1ccc(C(O)CCCN2CCC(C(O)(c3ccccc3)c3ccccc3)CC2)cc1,active,471.6850000000001,6.445800000000008,2.0,3.0,6.249491605148654
47,CHEMBL83658,CN(C)CC1CC2c3ccccc3Cc3ccccc3N2O1,active,294.398,3.4040000000000026,0.0,3.0,8.169989064063882
48,CHEMBL431850,COc1cc(C(=O)N2CCC(CCN3CCC(C(=O)c4nc5ccccc5n4Cc4ccccn4)CC3)(c3ccc(Cl)c(Cl)c3)C2)cc(OC)c1OC.CS(=O)(=O)O,active,756.731,7.58110000000001,0.0,9.0,6.359518563029578
49,CHEMBL16192,COc1ccccc1CN[C@H]1C2CCN(CC2)[C@H]1C(c1ccccc1)c1ccccc1,inactive,412.57700000000006,5.079700000000005,1.0,3.0,5.0
50,CHEMBL81435,O=C1c2ccccc2C(=O)N1CC1CC2c3ccccc3Cc3ccccc3N2O1,active,396.44600000000014,4.138600000000003,0.0,4.0,6.0
51,CHEMBL322194,CCOCCn1c(C(=O)C2CCN(CCC3(c4ccccc4)CCN(C(=O)c4cc(OC)c(OC)c(OC)c4)C3)CC2)nc2ccccc21,active,668.835,5.867500000000007,0.0,9.0,6.419075024324381
52,CHEMBL313189,CN(C)CCC1CC2c3ccccc3Cc3ccccc3N2O1,active,308.42500000000007,3.794100000000003,0.0,3.0,7.079981083971085
53,CHEMBL316438,c1ccc2c(c1)Cc1ccccc1N1OC(CN3CCCC3)CC21,active,320.43600000000015,3.938200000000003,0.0,3.0,8.51999305704285
54,CHEMBL95051,COc1ccc(CCN2CCC(C(=O)c3nc4ccccc4n3Cc3ccc(F)cc3)CC2)cc1,active,471.5760000000002,5.369700000000005,0.0,5.0,7.229147988357855
55,CHEMBL309904,CC(C)N(CC1CC2c3ccccc3Cc3ccccc3N2O1)C(C)C,active,350.5060000000001,4.961200000000005,0.0,3.0,6.819988880942282
56,CHEMBL410270,COc1ccc(C2(CCN3CCC(C(=O)c4nc5ccccc5n4Cc4ccccn4)CC3)CCN(C(=O)c3cc(OC)c(OC)c(OC)c3)C2)cc1.O=C(O)/C=C/C(=O)O,active,717.8670000000002,6.282900000000007,0.0,10.0,6.301029995663981
57,CHEMBL330430,COc1cc(C(=O)N2CCC(CCN3CCC(C(=O)c4nc5ccccc5n4Cc4ccc(F)cc4)CC3)(c3ccc(Cl)c(Cl)c3)C2)cc(OC)c1OC.O=C(O)/C=C/C(=O)O,active,773.7329999999998,8.325200000000008,0.0,8.0,6.906578314837765
58,CHEMBL330499,COc1cc(C(=O)N2CCC(CCN3CCC(C(=O)c4nc5ccccc5[nH]4)CC3)(c3ccccc3)C2)cc(OC)c1OC,active,596.7280000000002,5.357600000000005,1.0,7.0,6.301029995663981
59,CHEMBL93556,COc1ccc(C2(CCN3CCC(C(=O)c4nc5ccccc5n4Cc4ccc(F)cc4)CC3)CCN(C(=O)c3cc(OC)c(OC)c(OC)c3)C2)cc1OC,active,764.8950000000001,7.0356000000000085,0.0,10.0,6.510041520575165
61,CHEMBL6437,CN1CCN2c3ccccc3Cc3ccccc3C2C1,active,264.372,3.0839000000000016,0.0,2.0,8.47005659834133
62,CHEMBL317524,COc1cc(C(=O)N2CCC(CCN3CCC(C(=O)c4nc5ccccc5n4Cc4ccc(F)cc4)CC3)(c3ccc4c(c3)OCO4)C2)cc(OC)c1OC.CS(=O)(=O)O,active,748.8519999999999,6.7471000000000085,0.0,10.0,6.690369832574102
63,CHEMBL310018,CN(C)CCCC1CC2c3ccccc3Cc3ccccc3N2O1,active,322.45200000000006,4.184200000000003,0.0,3.0,6.170001911302621
64,CHEMBL84293,CCN(CC)CC1CC2c3ccccc3Cc3ccccc3N2O1,active,322.45200000000006,4.184200000000003,0.0,3.0,7.869988050328096
65,CHEMBL309981,c1ccc(N2CCN(CC3CC4c5ccccc5Cc5ccccc5N4O3)CC2)cc1,active,411.5490000000002,4.6646000000000045,0.0,4.0,6.0
66,CHEMBL329450,COc1cc(C(=O)N2CCC(CCN3CCC(C(=O)c4nc5ccccc5n4CCOc4ccco4)CC3)(c3ccccc3)C2)cc(OC)c1OC,active,706.84,6.503000000000008,0.0,10.0,6.350665141287858
67,CHEMBL79568,CN(C)CCCCC1CC2c3ccccc3Cc3ccccc3N2O1,active,336.47900000000004,4.5743000000000045,0.0,3.0,6.0
68,CHEMBL603,COc1cc(C(=O)NS(=O)(=O)c2ccccc2C)ccc1Cc1cn(C)c2ccc(NC(=O)OC3CCCC3)cc12,inactive,575.6870000000001,5.695920000000005,2.0,7.0,5.0
69,CHEMBL120055,Cc1ccccc1N1CCN(C(=O)COc2ccc3[nH]cc(CCN)c3c2)CC1,inactive,392.5030000000002,2.705120000000001,2.0,4.0,5.0
70,CHEMBL28902,Cc1nc2cnccc2n1-c1ccc(OCc2cccc(/C=C/c3ccc4ccc(Cl)cc4n3)c2)cc1,inactive,503.0050000000001,7.679920000000005,0.0,5.0,5.0
71,CHEMBL160581,NCCc1c[nH]c2ccc(OCC(=O)N3CCN(c4cccc5ccccc45)CC3)cc12,active,428.5360000000001,3.549900000000002,2.0,4.0,6.0
72,CHEMBL31714,Cc1nc2cnccc2n1-c1ccc(OCc2cccc(/C=C/c3nc4cc(F)ccc4s3)c2)cc1,inactive,492.5790000000001,7.2271200000000055,0.0,6.0,5.0
73,CHEMBL331077,CN(C)CC1CC2c3ccccc3Cc3ccncc3N2O1,active,295.386,2.7990000000000013,0.0,4.0,6.0
74,CHEMBL315772,CN(C)CC1CC2c3ccccc3Cc3ccc(Cl)cc3N2O1,active,328.8430000000001,4.057400000000003,0.0,3.0,8.630042392653946
75,CHEMBL331188,CN(C)CC1CC2c3cccnc3Cc3ccccc3N2O1,active,295.386,2.7990000000000013,0.0,4.0,7.779891911959945
76,CHEMBL138809,COC1OC2(CCN(Cc3ccccc3)CC2)c2ccccc21,inactive,309.40900000000005,3.853100000000003,0.0,3.0,5.0
78,CHEMBL141209,COC1Cc2ccccc2C2(CCN(Cc3ccccc3)CC2)O1,inactive,323.43600000000004,3.723100000000003,0.0,3.0,5.0
80,CHEMBL116463,N#Cc1ccc(CCOC(=O)NC2CCN(CCCC(c3ccc(F)cc3)c3ccc(F)cc3)CC2)cc1,active,517.6200000000002,6.181880000000007,1.0,4.0,6.342944147142896
81,CHEMBL326263,N#Cc1ccc(CCOC(=O)N2CCN(CCCC(c3ccc(F)cc3)c3ccc(F)cc3)CC2)cc1,active,503.59300000000013,5.745480000000006,0.0,4.0,6.0996328713435295
83,CHEMBL115280,O=C1NCN(c2ccccc2)C12CCN(Cc1cccc(Oc3ccccc3)c1)CC2,active,413.52100000000013,4.407400000000004,1.0,4.0,6.304518323509803
86,CHEMBL325258,N#Cc1ccc(CCOC(=O)N2CCN(CCCc3ccccc3)CC2)cc1,active,377.48800000000006,3.4877800000000025,0.0,4.0,6.552841968657781
87,CHEMBL305187,CC(C(O)c1ccc(O)cc1)N1CCC(Cc2ccccc2)CC1,active,325.45200000000006,3.7688000000000033,2.0,3.0,6.0
88,CHEMBL134423,Fc1ccc([Si]2(c3ccc(F)cc3)CCC(N3CCN(c4ccccc4)CC3)C2)cc1,active,434.6060000000003,4.122300000000004,0.0,2.0,6.0
89,CHEMBL315424,CN(C)CC1CC2c3cccc(Cl)c3Cc3ccccc3N2O1,active,328.843,4.057400000000003,0.0,3.0,6.0
90,CHEMBL315834,CN(C)CC1CC2c3ccccc3Cc3c(F)cccc3N2O1,active,312.38800000000003,3.5431000000000026,0.0,3.0,8.759950227887352
91,CHEMBL313604,CN(C)CC1CC2c3ccccc3Cc3cccc(Cl)c3N2O1,active,328.8430000000001,4.057400000000003,0.0,3.0,7.809948582240794
92,CHEMBL84931,CN(C)CC1CC2c3ccccc3Cc3ccc(F)cc3N2O1,active,312.38800000000003,3.5431000000000026,0.0,3.0,8.590066876668706
93,CHEMBL314107,CN(C)CC1CC2c3cc(F)ccc3Cc3ccc(F)cc3N2O1,active,330.37800000000004,3.6822000000000026,0.0,3.0,7.770062314092066
94,CHEMBL314795,Cc1cccc2c1C1CC(CN(C)C)ON1c1ccccc1C2,active,308.42500000000007,3.7124200000000025,0.0,3.0,7.9299621333922445
95,CHEMBL83073,CN(C)CC1CC2c3cccc(C(F)(F)F)c3Cc3ccccc3N2O1,active,362.39500000000004,4.422800000000004,0.0,3.0,7.430041181903406
96,CHEMBL82635,Cc1cccc2c1Cc1ccccc1C1CC(CN(C)C)ON21,active,308.42500000000007,3.7124200000000025,0.0,3.0,8.219970872662662
97,CHEMBL84081,CN(C)CC1CC2c3ccccc3Cc3cc(F)ccc3N2O1,active,312.38800000000003,3.5431000000000026,0.0,3.0,8.890084136976206
98,CHEMBL85735,Cc1ccc2c(c1)N1OC(CN(C)C)CC1c1ccccc1C2,active,308.42500000000007,3.7124200000000025,0.0,3.0,8.230032198670557
99,CHEMBL315308,CN(C)CC1CC2c3ccccc3Cc3ccc(-c4ccccc4)cc3N2O1,active,370.49600000000004,5.071000000000004,0.0,3.0,8.100015437450608
100,CHEMBL315044,COc1ccc2c(c1)C1CC(CN(C)C)ON1c1ccccc1C2,active,324.42400000000004,3.412600000000002,0.0,4.0,7.840132152907433
101,CHEMBL86091,CN(C)CC1CC2c3cc(C(F)(F)F)ccc3Cc3ccccc3N2O1,active,362.39500000000004,4.422800000000004,0.0,3.0,6.0
102,CHEMBL85155,Cc1ccc2c(c1)Cc1ccccc1N1OC(CN(C)C)CC21,active,308.4250000000001,3.7124200000000025,0.0,3.0,7.79997073344623
103,CHEMBL82966,CN(C)CC1CC2c3cccc(F)c3Cc3ccccc3N2O1,active,312.38800000000003,3.5431000000000026,0.0,3.0,8.639974910810603
104,CHEMBL84810,CN(C)CC1CC2c3c(cccc3C(F)(F)F)Cc3ccccc3N2O1,active,362.39500000000004,4.422800000000004,0.0,3.0,7.320027305722581
105,CHEMBL314885,CN(C)CC1CC2c3cc(F)ccc3Cc3ccccc3N2O1,active,312.38800000000003,3.5431000000000026,0.0,3.0,8.419987887470576
106,CHEMBL83777,CN(C)CC1CC2c3c(F)cccc3Cc3ccccc3N2O1,active,312.38800000000003,3.5431000000000026,0.0,3.0,6.0
107,CHEMBL95243,COC(=O)c1ccc(Cn2c(C(=O)C3CCN(CCC4(c5ccc(OC)c(OC)c5)CCN(C(=O)c5cc(OC)c(OC)c(OC)c5)C4)CC3)nc3ccccc32)cc1,active,804.9409999999999,6.6831000000000085,0.0,12.0,8.220403508742175
108,CHEMBL327888,CCOCCn1c(C(=O)C2CCN(CCC3(c4ccc(OC)c(OC)c4)CCN(C(=O)c4cc(OC)c(OC)c(OC)c4)C3)CC2)nc2ccccc21,active,728.887,5.884700000000007,0.0,11.0,8.207608310501746
109,CHEMBL273915,COc1ccc(C2(CCN3CCC(C(=O)c4nc5ccccc5n4Cc4ccc(C(=O)O)cc4)CC3)CCN(C(=O)c3cc(OC)c(OC)c(OC)c3)C2)cc1OC,active,790.9140000000001,6.594700000000008,1.0,11.0,8.341035157335565
110,CHEMBL329055,COc1cc(C(=O)N2CCCC(CCN3CCC(C(=O)c4nc5ccccc5n4Cc4ccc(F)cc4)CC3)(c3ccc(Cl)c(Cl)c3)C2)cc(OC)c1OC,active,787.7599999999998,8.715300000000004,0.0,8.0,8.175874166083451
111,CHEMBL95029,COC(=O)c1ccccc1OCCCCn1c(C(=O)C2CCN(CCC3(c4ccccc4)CCN(C(=O)c4cc(OC)c(OC)c(OC)c4)C3)CC2)nc2ccccc21,active,802.9689999999999,7.47680000000001,0.0,11.0,8.221848749616356
112,CHEMBL97240,COc1cc(C(=O)N2CCC(CCN3CCC(C(=O)c4nc5ccccc5n4CCN4CCOCC4)CC3)(c3ccc(Cl)c(Cl)c3)C2)cc(OC)c1OC,active,778.778,6.470000000000008,0.0,10.0,8.20342566678957
113,CHEMBL96441,COc1ccc(C2(CCN3CCC(C(=O)c4nc5ccccc5[nH]4)CC3)CCN(C(=O)c3cc(OC)c(OC)c(OC)c3)C2)cc1OC,active,656.7800000000002,5.374800000000005,1.0,9.0,8.243363891754152
114,CHEMBL96141,CCOCCn1c(C(=O)C2CCN(CCC3(c4ccc(Cl)c(Cl)c4)CCN(C(=O)c4cc(OC)c(OC)c(OC)c4)C3)CC2)nc2ccccc21,active,737.7249999999999,7.1743000000000094,0.0,9.0,8.1890957193313
115,CHEMBL320003,COc1cc(C(=O)N2CCC(CCN3CCC(C(=O)c4nc5ccccc5[nH]4)CC3)(c3ccc(Cl)c(Cl)c3)C2)cc(OC)c1OC,active,665.618,6.6644000000000085,1.0,7.0,8.1944991418416
116,CHEMBL95076,COc1cc(C(=O)N2CCC(CCN3CCC(C(=O)c4nc5ccccc5n4CCOCc4ccco4)CC3)(c3ccccc3)C2)cc(OC)c1OC,active,720.867,6.6408000000000085,0.0,10.0,8.197226274708024
117,CHEMBL98076,COc1ccc(CCN2CCC(=Nc3nc4ccccc4n3Cc3ccc(F)cc3)CC2)cc1,active,456.5650000000002,5.643300000000005,0.0,5.0,8.134896025358872
118,CHEMBL320002,COc1cc(C(=O)N2CCC(CCN3CCC(C(=O)c4nc5ccccc5n4Cc4ccc(F)cc4)CC3)(c3ccc4c(c3)OCO4)C2)cc(OC)c1OC,active,748.8519999999999,6.7471000000000085,0.0,10.0,8.174573882232178
119,CHEMBL96466,O=C(c1nc2ccccc2n1Cc1ccc(F)cc1)C1CCN(CCC2(c3ccc4c(c3)OCO4)CCN(C(=O)c3ccc(Cl)cc3Cl)C2)CC1,active,727.6640000000001,8.028100000000007,0.0,7.0,8.161780778092375
120,CHEMBL97357,COc1cc(C(=O)N2CCC(CCN3CCC(C(=O)c4nc5ccccc5n4Cc4ccc(F)cc4)CC3)(c3ccc(Cl)c(Cl)c3)C2)cc(OC)c1OC,active,773.7329999999998,8.325200000000008,0.0,8.0,8.183758700008218
121,CHEMBL95125,COc1cc(C(=O)N2CCC(CCN3CCC(C(=O)c4nc5ccccc5n4Cc4ccccn4)CC3)(c3ccc(Cl)c(Cl)c3)C2)cc(OC)c1OC,active,756.731,7.58110000000001,0.0,9.0,8.196542884351587
122,CHEMBL430471,COc1cc(C(=O)N2CCC(CCN3CCC(C(=O)c4nc5ccccc5n4CCCCOc4ccccc4C(=O)O)CC3)(c3ccccc3)C2)cc(OC)c1OC,active,788.942,7.388400000000009,1.0,10.0,8.297569463554474
123,CHEMBL318369,CCOC(=O)CCCn1c(C(=O)C2CCN(CCC3(c4ccc(Cl)c(Cl)c4)CCN(C(=O)c4cc(OC)c(OC)c(OC)c4)C3)CC2)nc2ccccc21,active,779.7619999999998,7.481100000000009,0.0,10.0,8.220403508742175
124,CHEMBL94788,COc1cc(C(=O)N2CCC(CCN3CCC(C(=O)c4nc5ccccc5n4CCCC(=O)O)CC3)(c3ccc(Cl)c(Cl)c3)C2)cc(OC)c1OC,active,751.7080000000001,7.002600000000008,1.0,9.0,8.301029995663981
125,CHEMBL411691,COc1cc(C(=O)N2CCC(CCN3CCC(C(=O)c4nc5ccccc5n4Cc4ccc(C(=O)O)cc4)CC3)(c3ccccc3)C2)cc(OC)c1OC,active,730.862,6.577500000000008,1.0,9.0,8.349692476868064
126,CHEMBL94726,COc1ccc(C(=O)N2CCC(CCN3CCC(C(=O)c4nc5ccccc5n4Cc4ccc(F)cc4)CC3)(c3ccc4c(c3)OCO4)C2)c(OC)c1OC,active,748.8519999999999,6.747100000000008,0.0,10.0,8.18111458540599
127,CHEMBL94480,COc1cc(C(=O)N2CCC(CCN3CCC(C(=O)c4nc5ccccc5n4Cc4ccccn4)CC3)(c3ccc(F)cc3)C2)cc(OC)c1OC,active,705.8310000000001,6.413400000000007,0.0,9.0,8.204119982655925
128,CHEMBL330462,CCOc1cc(C(=O)N2CCC(CCN3CCC(C(=O)c4nc5ccccc5n4Cc4ccc(F)cc4)CC3)(c3ccc(OC)c(OC)c3)C2)cc(OCC)c1OCC,active,806.9759999999997,8.205900000000009,0.0,10.0,8.167491087293763
129,CHEMBL93519,COc1ccc(C2(CCN3CCC(C(=O)c4nc5ccccc5n4Cc4ccccn4)CC3)CCN(C(=O)c3cc(OC)c(OC)c(OC)c3)C2)cc1,active,717.8670000000002,6.282900000000007,0.0,10.0,8.200659450546418
130,CHEMBL94906,CCOCCn1c(C(=O)C2CCN(CCC3(c4ccc(F)cc4)CCN(Cc4cc(OC)c(OC)c(OC)c4)C3=O)CC2)nc2ccccc21,active,686.825,5.893000000000007,0.0,9.0,8.18045606445813
131,CHEMBL319535,CC(C)Oc1cccc(CC(=O)N2CCC(CCN3CCC(C(=O)c4nc5ccccc5n4Cc4ccc(F)cc4)CC3)(c3ccc4c(c3)OCO4)C2)c1,active,730.881,7.437400000000009,0.0,8.0,8.18045606445813
132,CHEMBL98079,COc1cc(C(=O)N2CCC(CCN3CCC(C(=O)c4nc5ccccc5n4Cc4ccc(F)cc4)CC3)(c3ccccc3)C2)cc(OC)c1OC,active,704.843,7.018400000000009,0.0,8.0,8.178486471595226
133,CHEMBL179234,O=C(c1ccc2nc(N3CCN(C4CC4)CC3)ccc2c1)C1CC1,inactive,321.42400000000004,3.111900000000002,0.0,4.0,5.0
134,CHEMBL194837,Cc1cc(OCCN(C)C)nc2ccc(NC(=O)COc3ccc(Cl)cc3Cl)cc12,active,448.3500000000002,4.807920000000005,1.0,5.0,8.455931955649724
135,CHEMBL189118,Cc1cc(N(C)CCN(C)C)nc2ccc(NC(=O)/C=C/c3ccc(OC(F)(F)F)cc3)cc12,inactive,472.5110000000002,5.0915200000000045,1.0,5.0,5.0
136,CHEMBL998,CCOC(=O)N1CCC(=C2c3ccc(Cl)cc3CCc3cccnc32)CC1,active,382.89100000000025,4.887800000000005,0.0,3.0,6.5376020021010435
137,CHEMBL10971,CC(=O)N1CCC(=C2c3ccc(Cl)cc3CCc3cccnc32)CC1,active,352.8650000000001,4.277800000000004,0.0,2.0,7.0
138,CHEMBL91397,Cc1cncc(CN2CCC(=C3c4ccc(Cl)cc4CCc4cccnc43)CC2)c1,active,415.96800000000025,5.6349200000000055,0.0,3.0,8.4089353929735
139,CHEMBL2113241,Cc1coc2ccc(N3C[C@@]4(CN5CCC4CC5)OC3=O)cc12,inactive,312.369,3.1622200000000014,0.0,4.0,5.0
141,CHEMBL214312,c1nc([C@H]2C[C@@H]2CCNCC2CCCCC2)c[nH]1,inactive,247.38599999999994,3.073200000000001,2.0,2.0,5.0
143,CHEMBL399203,O=[N+]([O-])c1cc(O)c2c(c1)S(=O)(=O)N=C(Nc1ccccc1Oc1ccccc1)N2,inactive,426.4100000000001,3.6750000000000016,3.0,8.0,5.0
144,CHEMBL250699,COc1cc(NC(=O)c2ccc(-c3ccc(Cl)cc3)o2)cc(OC)c1,inactive,357.7930000000001,4.869500000000003,1.0,4.0,5.0
146,CHEMBL483400,Cc1nc2cccc(F)c2c(=O)n1-c1ccc(OC2CCN(C3CCC3)CC2)cc1,inactive,407.48900000000026,4.228920000000004,0.0,5.0,5.0
147,CHEMBL485543,Cc1nc2cccc(C(F)(F)F)c2c(=O)n1-c1ccc(OC2CCN(C3CCC3)CC2)cc1,inactive,457.4960000000003,5.108620000000005,0.0,5.0,5.0
148,CHEMBL514217,CN(CCN1CCCCC1)C(=O)[C@H]1CC[C@@]2(CC1)OC(=O)c1ccccc12,inactive,370.49300000000005,3.1868000000000016,0.0,4.0,5.0
149,CHEMBL513893,COc1ccc2c(c1)C(=O)O[C@]21CC[C@H](C(=O)N(C)CCN2CCCCC2)CC1,inactive,400.51900000000035,3.195400000000002,0.0,5.0,5.0
150,CHEMBL505,CN(C)CCC(c1ccc(Cl)cc1)c1ccccn1,active,274.795,3.8186000000000027,0.0,2.0,7.180456064458132
152,CHEMBL476323,Cc1nc2cccc(C(F)(F)F)c2c(=O)n1-c1ccc(OCCCN2CCCC2)cc1,inactive,431.4580000000003,4.577620000000003,0.0,5.0,5.0
153,CHEMBL468176,Fc1ccc(-c2noc(C3CCN(c4cnc5ccc(Cl)cc5c4)CC3)n2)c(Cl)c1,inactive,443.3090000000002,6.114700000000004,0.0,5.0,4.301029995663981
154,CHEMBL507360,COc1nccc2c(=O)n(C)c(-c3ccc(OC4CCN(C5CCC5)CC4)cc3)nc12,inactive,420.51300000000026,3.3998000000000017,0.0,7.0,5.0
155,CHEMBL1633,CN1CCC(=C2c3ccccc3CC(=O)c3sccc32)CC1.O=C(O)/C=C/C(=O)O,active,309.4340000000001,4.014400000000004,0.0,3.0,9.0
156,CHEMBL914,CC(C)(C(=O)O)c1ccc(C(O)CCCN2CCC(C(O)(c3ccccc3)c3ccccc3)CC2)cc1,active,501.66700000000014,5.510500000000006,3.0,4.0,7.107905397309519
157,CHEMBL551394,Cn1c(C2=CCN(CCCN3c4ccccc4Sc4ccc(CC(=O)O)cc43)CC2)cc(=O)n(C)c1=O,active,518.6390000000004,3.4932000000000007,1.0,8.0,7.3872161432802645
158,CHEMBL562792,Cn1c(N2CCCN(CCCN3c4ccccc4Sc4ccc(/C=C\C(=O)O)cc43)CC2)cc(=O)n(C)c1=O,active,547.6810000000003,3.3869000000000016,1.0,9.0,6.490797477668897
159,CHEMBL563271,Cn1c(N2CCCN(CCCN3c4ccccc4Sc4ccc(OCC(=O)O)cc43)CC2)cc(=O)n(C)c1=O,active,551.6690000000003,2.7525000000000013,1.0,10.0,7.055517327849832
160,CHEMBL563647,CCC(C(=O)O)c1ccc2c(c1)N(CCCN1CCCN(c3cc(=O)n(C)c(=O)n3C)CC1)c1ccccc1S2,active,563.7240000000003,3.867300000000003,1.0,9.0,7.3872161432802645
161,CHEMBL562676,Cn1c(N2CCCN(CCCN3c4ccccc4Sc4ccc(C(C)(C)C(=O)O)cc43)CC2)cc(=O)n(C)c1=O,active,563.7240000000003,3.6513000000000027,1.0,9.0,6.910094888560602
162,CHEMBL565083,CC(C(=O)O)c1ccc2c(c1)N(CCCN1CCCN(c3cc(=O)n(C)c(=O)n3C)CC1)c1ccccc1S2,active,549.6970000000002,3.4772000000000016,1.0,9.0,7.142667503568732
163,CHEMBL560061,Cn1c(N2CCCN(CCCN3c4ccccc4Sc4ccc(CCC(=O)O)cc43)CC2)cc(=O)n(C)c1=O,active,549.6970000000003,3.306300000000002,1.0,9.0,7.161150909262744
164,CHEMBL560917,Cn1c(N2CCN(CCCN3c4ccccc4Sc4ccc(CCC(=O)O)cc43)CC2)cc(=O)n(C)c1=O,active,535.6700000000004,2.916200000000001,1.0,9.0,6.978810700930062
165,CHEMBL559665,Cn1c(N2CCCN(CCCN3c4ccccc4Sc4ccc(CC(=O)O)cc43)CC2)cc(=O)n(C)c1=O,active,535.6700000000004,2.9162000000000017,1.0,9.0,7.638272163982407
166,CHEMBL559664,Cn1c(N2CCN(CCCN3c4ccccc4Sc4ccc(CC(=O)O)cc43)CC2)cc(=O)n(C)c1=O,active,521.6430000000004,2.5261000000000005,1.0,9.0,7.3979400086720375
167,CHEMBL552057,Cn1c(N2CCN(CCCCN3c4ccccc4Sc4ccc(C(=O)O)cc43)CC2)cc(=O)n(C)c1=O,active,521.6430000000004,2.987300000000001,1.0,9.0,7.455931955649724
168,CHEMBL564168,Cn1c(N2CCN(CCN3c4ccccc4Sc4ccc(C(=O)O)cc43)CC2)cc(=O)n(C)c1=O,active,493.5890000000004,2.2070999999999996,1.0,9.0,6.906578314837765
169,CHEMBL560517,Cn1c(N2CCCN(CCCN3c4ccccc4Sc4c(C(=O)O)cccc43)CC2)cc(=O)n(C)c1=O,active,521.6430000000004,2.987300000000002,1.0,9.0,6.301029995663981
170,CHEMBL561981,Cn1c(N2CCCN(CCCN3c4ccccc4Sc4cccc(C(=O)O)c43)CC2)cc(=O)n(C)c1=O,active,521.6430000000004,2.987300000000001,1.0,9.0,6.301029995663981
171,CHEMBL564370,Cn1c(N2CCCN(CCCN3c4ccccc4Sc4ccc(C(=O)O)cc43)CC2)cc(=O)n(C)c1=O,active,521.6430000000004,2.987300000000002,1.0,9.0,7.638272163982407
172,CHEMBL551457,Cn1c(N2CCN(CCCN3c4ccccc4Sc4ccc(C(=O)O)cc43)CC2)cc(=O)n(C)c1=O,active,507.6160000000004,2.597200000000001,1.0,9.0,7.431798275933005
173,CHEMBL561377,CN(CCCN1CCC(CN2c3ccccc3Sc3ccc(C(=O)O)cc32)CC1)c1cc(=O)n(C)c(=O)n1C,active,549.6970000000002,3.623400000000002,1.0,9.0,7.275724130399211
174,CHEMBL563520,Cn1c(NCCCN2CCC(CN3c4ccccc4Sc4ccc(C(=O)O)cc43)CC2)cc(=O)n(C)c1=O,active,535.6700000000004,3.5991000000000017,2.0,9.0,7.337242168318426
175,CHEMBL560120,Cn1c(NCCCN2CCC(Oc3ccc(Cl)c(Cl)c3)CC2)cc(=O)n(C)c1=O,active,441.35900000000026,2.7362,1.0,7.0,7.552841968657781
176,CHEMBL562638,Cn1c(NCCCN2CCC(Oc3ccc(Cl)cc3C(=O)O)CC2)cc(=O)n(C)c1=O,active,450.9230000000003,1.7809999999999993,2.0,8.0,6.0
177,CHEMBL560386,COc1cccc2c1O[C@@H](c1ccc(OCCCN3CCCC3)cc1)[C@H](C)S2(=O)=O,inactive,431.5540000000002,3.855800000000003,0.0,6.0,5.0
178,CHEMBL488248,Cn1c(-c2ccc(OCCCN3CCCC3)cc2)nc2ccccc2c1=O,inactive,363.461,3.465200000000002,0.0,5.0,5.0
179,CHEMBL564446,CN(C1CCOCC1)C1CCN(c2nc3ccccc3n2Cc2ccc(F)cc2)CC1,active,422.54800000000023,4.303300000000004,0.0,5.0,8.481486060122112
180,CHEMBL549598,CN(CC1CCCCC1)C1CCN(c2nc3ccccc3n2Cc2ccc(F)cc2)CC1,active,434.60300000000024,5.704600000000006,0.0,4.0,8.356547323513812
181,CHEMBL561690,CN(c1ccccc1)C1CCN(c2nc3ccccc3n2Cc2ccc(F)cc2)CC1,active,414.5280000000002,5.328900000000005,0.0,4.0,7.094204119632131
184,CHEMBL182150,CN(C)c1nc(N[C@H]2CC[C@@H](NC(=O)c3ccc(F)c(F)c3)CC2)nc2ccccc12,active,425.4830000000002,4.127100000000002,2.0,5.0,6.823908740944319
185,CHEMBL567791,Cc1cc(N(C)C)nc(N[C@H]2CC[C@@H](NC(=O)c3ccc(Cl)cc3)CC2)n1,active,387.91500000000013,3.6575200000000017,2.0,5.0,6.096910013008056
186,CHEMBL568400,Cc1cc(N(C)C)nc(N[C@H]2CC[C@@H](NC(=O)c3ccc(Cl)c(Cl)c3)CC2)n1,active,422.3600000000002,4.310920000000003,2.0,5.0,6.4089353929735005
189,CHEMBL578170,Cc1ccc(C(=O)N[C@H]2CC[C@@H](Nc3ncc(C)c(N(C)C)n3)CC2)cc1,active,367.4970000000001,3.312540000000002,2.0,5.0,6.769551078621726
190,CHEMBL565551,Cc1cnc(N[C@H]2CC[C@@H](NC(=O)c3ccc(F)cc3)CC2)nc1N(C)C,active,371.46000000000015,3.1432200000000012,2.0,5.0,6.0915149811213505
191,CHEMBL577912,Cc1cnc(N[C@H]2CC[C@@H](NC(=O)c3ccc(Cl)cc3)CC2)nc1N(C)C,active,387.9150000000002,3.6575200000000025,2.0,5.0,6.119186407719209
192,CHEMBL577904,Cc1cnc(N[C@H]2CC[C@@H](CNC(=O)c3ccc(F)c(F)c3)CC2)nc1N(C)C,active,403.4770000000002,3.5299200000000024,2.0,5.0,6.036212172654444
193,CHEMBL566075,Cc1cnc(N[C@H]2CC[C@@H](CNC(=O)c3cc(C(F)(F)F)cc(C(F)(F)F)c3)CC2)nc1N(C)C,inactive,503.49100000000016,5.2893200000000045,2.0,5.0,5.0
194,CHEMBL595449,CN(C)Cc1nc(-c2ccc(C(C)(C)C)cc2)n(-c2cccc(O)c2)n1,inactive,350.466,3.999000000000003,1.0,5.0,5.0
196,CHEMBL589148,CN1CCc2c(c3cc(F)ccc3n2CCc2ccccc2)C1,active,308.40000000000003,4.011000000000003,0.0,2.0,6.882728704344236
197,CHEMBL592752,Cc1ccc2c(c1)c1c(n2CCc2ccccc2)CCN(C)C1,active,304.43700000000007,4.180320000000003,0.0,2.0,6.835647144215563
198,CHEMBL589389,COc1ccc2c(c1)c1c(n2CCc2ccccc2)CCN(C)C1,active,320.43600000000015,3.8805000000000023,0.0,3.0,6.982966660701219
199,CHEMBL589388,CN1CCc2c(c3cc(C(F)(F)F)ccc3n2CCc2ccccc2)C1,active,358.4070000000001,4.890700000000004,0.0,2.0,7.167491087293763
200,CHEMBL589150,COc1ccc(CCn2c3c(c4cc(F)ccc42)CN(C)CC3)cc1,active,338.4260000000001,4.019600000000003,0.0,3.0,7.494850021680094
201,CHEMBL591803,CN1CCc2c(c3cc(F)ccc3n2CCc2ccc(C(F)(F)F)cc2)C1,active,376.39700000000005,5.029800000000004,0.0,2.0,7.455931955649724
202,CHEMBL603049,Cc1ccc(CCn2c3c(c4cc(F)ccc42)CN(C)CC3)cc1,active,322.42700000000013,4.319420000000004,0.0,2.0,7.508638306165727
203,CHEMBL589147,COc1ccc(CCn2c3c(c4cc(C)ccc42)CN(C)CC3)cc1,active,334.4630000000001,4.188920000000003,0.0,3.0,7.180456064458132
204,CHEMBL606036,Cc1ccc2c(c1)c1c(n2CCc2ccc(C(F)(F)F)cc2)CCN(C)C1,active,372.43400000000014,5.199120000000004,0.0,2.0,7.008773924307505
205,CHEMBL592753,Cc1ccc2c(c1)c1c(n2CCc2ccc(F)cc2)CCN(C)C1,active,322.42700000000013,4.319420000000004,0.0,2.0,7.522878745280337
206,CHEMBL605081,Cc1ccc(CCn2c3c(c4cc(C)ccc42)CN(C)CC3)cc1,active,318.4640000000001,4.4887400000000035,0.0,2.0,6.950781977329818
207,CHEMBL605405,Cc1ccc2c(c1)c1c(n2/C=C\c2ccccc2)CCN(C)C1,active,302.4210000000001,4.565520000000005,0.0,2.0,6.812479279163537
209,CHEMBL599913,CN1CCc2c(c3ccccc3n2/C=C\c2ccccc2)C1,active,288.39400000000006,4.257100000000003,0.0,2.0,6.7423214251308154
210,CHEMBL1090433,C[C@H](c1ccccn1)c1c(CCN(C)C)sc2ccccc12,inactive,310.466,4.552200000000004,0.0,3.0,3.5917600346881504
213,CHEMBL1091790,CC(c1ccncc1)c1c(CCN(C)C)sc2ccccc12,inactive,310.466,4.552200000000004,0.0,3.0,4.638272163982407
214,CHEMBL1091874,CN[C@@H]1CCN(c2nc(N)nc3c2oc2ccc(Cl)cc23)C1,inactive,317.78000000000003,2.4097,2.0,6.0,4.522878745280337
215,CHEMBL1210154,C/C(=N\OC(=O)Nc1ccccc1)c1cccc(-c2cccs2)c1,inactive,336.41600000000005,5.387800000000003,1.0,4.0,5.0
216,CHEMBL1222728,CN1CCN(C(c2ccccc2)c2nnnn2Cc2ccccc2)CC1,inactive,348.45400000000006,2.0581999999999994,0.0,6.0,4.698970004336019
217,CHEMBL1082723,C[C@H]1Cc2c([nH]c3cc(Cl)c(F)cc23)[C@@]2(N1)C(=O)Nc1ccc(Cl)cc12,inactive,390.24500000000006,4.343700000000003,3.0,2.0,5.0
218,CHEMBL1278088,Nn1c(CCCCN2CCN(c3ccc4ccccc4n3)CC2)nc2c(c1=O)CCCC2,active,432.5720000000004,2.529,1.0,7.0,6.0
219,CHEMBL534,CN1CCC(=C2c3ccccc3CC(=O)c3sccc32)CC1,active,309.4340000000001,4.014400000000004,0.0,3.0,9.0
220,CHEMBL1774507,Cn1c(N2CCCN(CC/C=C3/c4ccccc4CCc4ccc(C(=O)O)cc43)CC2)cc(=O)n(C)c1=O,active,514.6260000000003,2.914900000000002,1.0,7.0,6.815308569182402
221,CHEMBL1774506,Cn1c(N2CCCN(CC/C=C3/c4ccccc4CCc4ccc(CC(=O)O)cc43)CC2)cc(=O)n(C)c1=O,active,528.6530000000004,2.8438000000000017,1.0,7.0,6.8696662315049934
222,CHEMBL1774505,Cn1c(N2CCN(CC/C=C3/c4ccccc4CCc4ccc(CC(=O)O)cc43)CC2)cc(=O)n(C)c1=O,active,514.6260000000003,2.4537000000000004,1.0,7.0,6.709965388637482
223,CHEMBL1774504,Cn1c(N2CCCN(CC/C=C3/c4ccccc4COc4ccc(C(=O)O)cc43)CC2)cc(=O)n(C)c1=O,active,516.5980000000003,2.708700000000001,1.0,8.0,7.200659450546418
224,CHEMBL1774503,Cn1c(N2CCN(CC/C=C3/c4ccccc4COc4ccc(C(=O)O)cc43)CC2)cc(=O)n(C)c1=O,active,502.57100000000037,2.3186,1.0,8.0,6.488116639021126
225,CHEMBL1774502,Cn1c(N2CCCN(CC/C=C3/c4ccccc4COc4ccc(CC(=O)O)cc43)CC2)cc(=O)n(C)c1=O,active,530.6250000000003,2.637600000000001,1.0,8.0,7.036212172654444
226,CHEMBL1774501,Cn1c(N2CCN(CC/C=C3\c4ccccc4COc4ccc(CC(=O)O)cc43)CC2)cc(=O)n(C)c1=O,active,516.5980000000004,2.2475000000000005,1.0,8.0,6.267606240177032
227,CHEMBL1774500,Cn1c(N2CCN(CC/C=C3/c4ccccc4COc4ccc(CC(=O)O)cc43)CC2)cc(=O)n(C)c1=O,active,516.5980000000004,2.2475000000000005,1.0,8.0,7.075720713938118
228,CHEMBL1774499,Cn1c(N2CCCN(CCCN3c4ccccc4CCc4ccc(C(C)(C)C(=O)O)cc43)CC2)cc(=O)n(C)c1=O,active,559.7110000000004,3.285300000000002,1.0,8.0,7.1249387366083
229,CHEMBL1774498,Cn1c(N2CCCN(CCCN3c4ccccc4CCc4ccc(CC(=O)O)cc43)CC2)cc(=O)n(C)c1=O,active,531.6570000000004,2.5502000000000002,1.0,8.0,7.267606240177032
230,CHEMBL1774497,Cn1c(N2CCCN(CCCN3c4ccccc4CCc4ccc(C(=O)O)cc43)CC2)cc(=O)n(C)c1=O,active,517.6300000000003,2.6213000000000006,1.0,8.0,7.154901959985743
231,CHEMBL1774496,Cn1c(N2CCCN(CCCN3c4cc(C(=O)O)ccc4COc4ccccc43)CC2)cc(=O)n(C)c1=O,active,519.6020000000003,2.4151,1.0,9.0,6.275724130399211
232,CHEMBL1774495,Cn1c(N2CCCN(CCCN3c4ccccc4COc4ccc(C(C)(C)C(=O)O)cc43)CC2)cc(=O)n(C)c1=O,active,561.6830000000003,3.079100000000002,1.0,9.0,6.823908740944319
233,CHEMBL1774494,CC(C(=O)O)c1ccc2c(c1)N(CCCN1CCCN(c3cc(=O)n(C)c(=O)n3C)CC1)c1ccccc1CO2,active,547.6560000000002,2.9050000000000002,1.0,9.0,6.892790030352131
234,CHEMBL1774493,Cn1c(N2CCCN(CCCN3c4ccccc4COc4ccc(CC(=O)O)cc43)CC2)cc(=O)n(C)c1=O,active,533.6290000000004,2.3440000000000003,1.0,9.0,6.892790030352131
235,CHEMBL1774492,Cn1c(N2CCN(CCCN3c4ccccc4COc4ccc(CC(=O)O)cc43)CC2)cc(=O)n(C)c1=O,active,519.6020000000004,1.9538999999999995,1.0,9.0,6.5934598195660445
236,CHEMBL1774491,Cn1c(N2CCCN(CCCN3c4ccccc4COc4ccc(C(=O)O)cc43)CC2)cc(=O)n(C)c1=O,active,519.6020000000003,2.4151000000000007,1.0,9.0,7.3872161432802645
237,CHEMBL1774490,Cn1c(N2CCN(CCCN3c4ccccc4COc4ccc(C(=O)O)cc43)CC2)cc(=O)n(C)c1=O,active,505.5750000000004,2.0249999999999995,1.0,9.0,6.853871964321762
238,CHEMBL1783959,CN1CCc2c(c3ccccc3n2CCc2cccnc2)C1,active,291.398,3.2669000000000024,0.0,3.0,7.0
239,CHEMBL1783963,Cc1ccc(CCn2c3c(c4cc(F)ccc42)CN(C)CC3)cn1,active,323.41500000000013,3.7144200000000023,0.0,3.0,6.958607314841775
240,CHEMBL1783957,CN1CCc2c(c3cc(Br)ccc3n2CCc2ccccn2)C1,active,370.29400000000015,4.0294000000000025,0.0,3.0,6.920818753952375
241,CHEMBL1783964,CN1CCc2c(c3ccccc3n2CCc2ccncc2)C1,active,291.398,3.2669000000000024,0.0,3.0,6.920818753952375
242,CHEMBL1783967,CN1CCc2c(c3cc(F)ccc3n2CCc2ccncc2)C1,active,309.38800000000003,3.4060000000000024,0.0,3.0,6.920818753952375
243,CHEMBL1783965,Cc1ccc2c(c1)c1c(n2CCc2ccncc2)CCN(C)C1,active,305.42500000000007,3.5753200000000014,0.0,3.0,6.795880017344075
244,CHEMBL1783968,CN1CCc2c(c3cc(C(F)(F)F)ccc3n2CCc2ccncc2)C1,active,359.3950000000001,4.285700000000003,0.0,3.0,6.657577319177793
245,CHEMBL1783970,Cc1ccc2c(c1)c1c(n2CCc2cnccn2)CCN(C)C1,active,306.41300000000007,2.970320000000001,0.0,4.0,6.494850021680094
246,CHEMBL1783966,COc1ccc2c(c1)c1c(n2CCc2ccncc2)CCN(C)C1,active,321.42400000000015,3.275500000000002,0.0,4.0,6.4089353929735005
247,CHEMBL1783954,Cc1ccc2c(c1)c1c(n2CCc2ccccn2)CCN(C)C1,active,305.42500000000007,3.5753200000000014,0.0,3.0,6.301029995663981
248,CHEMBL1783960,Cc1ccc2c(c1)c1c(n2CCc2cccnc2)CCN(C)C1,active,305.42500000000007,3.5753200000000014,0.0,3.0,6.301029995663981
249,CHEMBL1783958,CN1CCc2c(c3cc(C(F)(F)F)ccc3n2CCc2ccccn2)C1,active,359.3950000000001,4.285700000000004,0.0,3.0,6.251811972993799
250,CHEMBL1783956,CN1CCc2c(c3cc(F)ccc3n2CCc2ccccn2)C1,active,309.38800000000003,3.4060000000000024,0.0,3.0,6.214670164989233
251,CHEMBL1783961,CN1CCc2c(c3cc(F)ccc3n2CCc2cccnc2)C1,active,309.38800000000003,3.4060000000000024,0.0,3.0,6.187086643357144
252,CHEMBL1783953,CN1CCc2c(c3ccccc3n2CCc2ccccn2)C1,active,291.398,3.2669000000000015,0.0,3.0,6.031517051446065
258,CHEMBL1783962,CN1CCc2c(c3cc(C(F)(F)F)ccc3n2CCc2cccnc2)C1,inactive,359.3950000000001,4.285700000000004,0.0,3.0,5.0
259,CHEMBL1783969,CN1CCc2c(c3cc(C(=O)O)ccc3n2CCc2ccncc2)C1,inactive,335.40700000000004,2.9651000000000014,1.0,4.0,5.0
260,CHEMBL1783973,Cc1ccc2c(c1)c1c(n2CCc2ccccn2)CCN(C2CCN(C)CC2)C1,inactive,388.55900000000025,4.039720000000003,0.0,4.0,5.0
261,CHEMBL1201203,CN1[C@@H]2CC[C@H]1C[C@@H](OC(c1ccccc1)c1ccccc1)C2,active,307.43700000000007,4.417800000000004,0.0,2.0,8.497163361378997
262,CHEMBL296419,COc1ccc(CCN2CCC(Nc3nc4ccccc4n3Cc3ccc(F)cc3)CC2)cc1,active,458.58100000000024,5.351300000000005,1.0,5.0,7.853871964321762
263,CHEMBL1201207,C[C@H]1C[C@H]2[C@@H]3CCC4=CC(=O)C=C[C@]4(C)[C@@]3(F)[C@@H](O)C[C@]2(C)[C@@]1(O)C(=O)COP(=O)(O)O,inactive,472.44600000000025,2.0127000000000006,4.0,6.0,4.997402019280091
264,CHEMBL1113,Clc1ccc2c(c1)C(N1CCNCC1)=Nc1ccccc1O2,active,313.788,3.4292000000000025,1.0,4.0,7.00436480540245
265,CHEMBL629,CN(C)CCC=C1c2ccccc2CCc2ccccc21,active,277.411,4.168600000000003,0.0,1.0,8.320390428220245
266,CHEMBL305660,CC(C)(C)c1ccc(C(=O)CCCN2CCC(OC(c3ccccc3)c3ccccc3)CC2)cc1,active,469.6690000000001,7.217600000000008,0.0,3.0,7.548213564475709
267,CHEMBL30008,Fc1ccc(C(c2ccc(F)cc2)N2CCN(C/C=C/c3ccccc3)CC2)cc1,active,404.5040000000001,5.3852000000000055,0.0,2.0,6.801342913045577
268,CHEMBL726,OCCN1CCN(CCCN2c3ccccc3Sc3ccc(C(F)(F)F)cc32)CC1,active,437.5310000000002,4.308100000000003,1.0,5.0,7.3979400086720375
271,CHEMBL1201353,CN(C)CC[C@@H](c1ccc(Cl)cc1)c1ccccn1,active,274.795,3.8186000000000027,0.0,2.0,8.201487466968649
272,CHEMBL1626,CN1CCC[C@@H]1CCO[C@](C)(c1ccccc1)c1ccc(Cl)cc1,active,343.898,5.104400000000005,0.0,2.0,9.37571790416433
273,CHEMBL657,CN(C)CCOC(c1ccccc1)c1ccccc1,active,255.36100000000002,3.3542000000000023,0.0,2.0,6.767003889607846
274,CHEMBL1628227,CN(C)CCC=C1c2ccccc2COc2ccccc21,active,279.383,3.9624000000000033,0.0,2.0,9.244125144327509
277,CHEMBL648,CN1CCN(C(c2ccccc2)c2ccccc2)CC1,active,266.38800000000003,3.0234000000000014,0.0,2.0,7.42021640338319
278,CHEMBL104,Clc1ccccc1C(c1ccccc1)(c1ccccc1)n1ccnc1,inactive,344.845,5.376700000000004,0.0,2.0,4.531564047103727
279,CHEMBL1172,Clc1ccc2c(c1)CCc1cccnc1C2=C1CCNCC1,active,310.8280000000001,4.018900000000002,1.0,2.0,8.00100002778168
280,CHEMBL42,CN1CCN(C2=Nc3cc(Cl)ccc3Nc3ccccc32)CC1,active,326.83100000000013,3.7227000000000023,1.0,4.0,8.308741641866888
281,CHEMBL1200406,CN(C)CCOC(c1ccccc1)c1ccccc1.Cn1c(=O)c2[nH]c(Cl)nc2n(C)c1=O,active,214.612,-0.3863000000000001,1.0,5.0,6.496209316942819
282,CHEMBL71,CN(C)CCCN1c2ccccc2Sc2ccc(Cl)cc21,active,318.8730000000001,4.894400000000004,0.0,3.0,7.769551078621726
283,CHEMBL43064,C(=C/c1ccccc1)\CN1CCN(C(c2ccccc2)c2ccccc2)CC1,active,368.5240000000001,5.1070000000000055,0.0,2.0,7.130768280269024
284,CHEMBL516,CN1CCC(=C2c3ccccc3C=Cc3ccccc32)CC1,active,287.4060000000001,4.697900000000004,0.0,1.0,8.431798275933005
286,CHEMBL415,CN(C)CCCN1c2ccccc2CCc2ccc(Cl)cc21,active,314.86,4.528400000000004,0.0,2.0,7.070581074285707
288,CHEMBL564,CN(C)CCCN1c2ccccc2Sc2ccccc21,active,284.42800000000005,4.241000000000003,0.0,3.0,8.464073258604431
289,CHEMBL643,CC(CN1c2ccccc2Sc2ccccc21)N(C)C,active,284.428,4.239400000000003,0.0,3.0,8.541966807503494
290,CHEMBL715,Cc1cc2c(s1)Nc1ccccc1N=C2N1CCN(C)CC1,active,312.4420000000001,3.4392200000000033,1.0,5.0,7.886056647693163
291,CHEMBL1909072,NC(=O)C1CCN(CCCN2c3ccccc3Sc3ccc(Cl)cc32)CC1,active,401.96300000000025,4.530100000000004,1.0,4.0,8.002657309398378
292,CHEMBL445,CNCCC=C1c2ccccc2CCc2ccccc21,active,263.38399999999996,3.826400000000003,1.0,1.0,7.301029995663981
293,CHEMBL716,OCCOCCN1CCN(C2=Nc3ccccc3Sc3ccccc32)CC1,active,383.51700000000017,2.8560000000000016,1.0,6.0,7.402304814074488
294,CHEMBL728,CN1CCN(CCCN2c3ccccc3Sc3ccc(Cl)cc32)CC1,active,373.95300000000015,4.580200000000004,0.0,4.0,7.619788758288394
295,CHEMBL21731,CNCCCC12CCC(c3ccccc31)c1ccccc12,active,277.41100000000006,4.211400000000004,1.0,1.0,8.055912320584566
297,CHEMBL157138,CCN(CC)C(=O)N[C@H]1C=C2c3cccc4[nH]cc(c34)C[C@H]2N(C)C1,active,338.45500000000015,2.841400000000001,2.0,2.0,6.795880017344075
298,CHEMBL1411979,CN(C)CCN(Cc1cccs1)c1ccccn1,active,261.394,2.7113000000000005,0.0,4.0,7.795880017344075
299,CHEMBL395110,CN1CCCC(CN2c3ccccc3Sc3ccccc32)C1,active,310.4660000000001,4.631100000000004,0.0,3.0,7.568636235841013
300,CHEMBL141343,Cc1c(C)c2c(c(C)c1O)CCC(C)(CN1CCN(c3cc(N4CCCC4)nc(N4CCCC4)n3)CC1)O2,inactive,520.7220000000004,4.213760000000003,1.0,8.0,4.83000246293343
301,CHEMBL621,O=c1n(CCCN2CCN(c3cccc(Cl)c3)CC2)nc2ccccn12,active,371.8720000000001,2.3617,0.0,6.0,6.442492798094342
302,CHEMBL479,CSc1ccc2c(c1)N(CCC1CCCCN1C)c1ccccc1S2,active,370.587,5.885600000000005,0.0,4.0,7.142667503568732
303,CHEMBL85,Cc1nc2n(c(=O)c1CCN1CCC(c3noc4cc(F)ccc34)CC1)CCCC2,active,410.4930000000003,3.5904200000000026,0.0,6.0,7.6020599913279625
305,CHEMBL908,CN(C)CC/C=C1/c2ccccc2Sc2ccc(Cl)cc21,active,315.869,5.188000000000004,0.0,2.0,9.0
306,CHEMBL122270,CN1[C@@H](CC(=O)c2ccccc2)CCC[C@H]1C[C@H](O)c1ccccc1,inactive,337.463,4.236000000000003,1.0,3.0,4.349999992368662
307,CHEMBL597,Cc1ccc(N(CC2=NCCN2)c2cccc(O)c2)cc1,inactive,281.35900000000004,2.840420000000001,2.0,4.0,3.4999999945296856
308,CHEMBL86715,OC(CCN1CCCC1)(c1ccccc1)C1CCCCC1,inactive,287.4470000000001,3.940400000000003,1.0,2.0,4.750000100140428
309,CHEMBL596,CCC(=O)N(c1ccccc1)C1CCN(CCc2ccccc2)CC1,inactive,336.47900000000004,4.136700000000004,0.0,2.0,3.8299999965259595
310,CHEMBL353846,CCN(CC)CCOC(=O)C(c1ccccc1)c1ccccc1,inactive,311.425,3.7035000000000027,0.0,3.0,3.949999982311873
311,CHEMBL1651219,O=C(O)c1cc(-c2cccc(COc3ccc4c(=O)n(C5CCCC5)sc4c3)c2)ccc1Cl,inactive,479.98500000000024,6.775700000000005,1.0,5.0,5.0
313,CHEMBL2158814,Cc1ccc(S(=O)(=O)NC(=O)N2CCC(N3CCC(Oc4ccc(Cl)c(Cl)c4)CC3)CC2)cc1,active,526.4860000000003,4.707920000000004,1.0,5.0,7.3979400086720375
315,CHEMBL11,CN(C)CCCN1c2ccccc2CCc2ccccc21,active,280.415,3.8750000000000027,0.0,2.0,7.568636235841013
316,CHEMBL3099716,CC1(C)OC(=O)N([C@H]2CC[C@H](c3cnc(N)c(-c4ncccn4)c3)CC2)[C@H]1c1ccccc1,inactive,443.55100000000016,5.119100000000004,1.0,6.0,4.314258261397736
317,CHEMBL3311308,COc1ccc(S(=O)(=O)Nc2c(C)cc(C)cc2C)cc1,inactive,305.39900000000006,3.421260000000002,1.0,3.0,4.399999967876858
318,CHEMBL3609372,CC(C)NC(=O)N1CC[C@H](NC2=Nc3cc(F)ccc3N(CC(F)F)c3ccc(Cl)cc32)C1,inactive,479.93400000000014,5.055900000000005,2.0,4.0,4.522878745280337
319,CHEMBL3609328,CN1CCN(C2=Nc3cc(F)ccc3Nc3ccc(F)cc32)CC1,active,328.3660000000001,3.347500000000001,1.0,4.0,9.0
321,CHEMBL1112,O=C1CCc2ccc(OCCCCN3CCN(c4cccc(Cl)c4Cl)CC3)cc2N1,active,448.39400000000006,4.859300000000005,1.0,4.0,6.376750709602099
322,CHEMBL3805518,CNC(=O)c1cc(OCCCCN2CCC(c3noc4cc(F)ccc34)CC2)ccc1F,active,443.49400000000014,4.5042000000000035,1.0,5.0,6.012333735073725
323,CHEMBL1197564,O=C1Cc2ccccc2C(=C2CCNCC2)c2ccsc21,inactive,295.4069999999999,3.672200000000003,1.0,3.0,4.958607314841775
324,CHEMBL4115693,O[C@@H]1Cc2ccccc2C(=C2CCNCC2)c2ccsc21,inactive,297.42299999999994,3.5229000000000026,2.0,3.0,4.638272163982407
325,CHEMBL3929465,O[C@H]1Cc2ccccc2C(=C2CCNCC2)c2ccsc21,inactive,297.42299999999994,3.5229000000000026,2.0,3.0,4.769551078621726
326,CHEMBL4115677,CO[C@@H]1Cc2ccccc2C(=C2CCNCC2)c2ccsc21,inactive,311.44999999999993,4.177000000000003,1.0,3.0,4.638272163982407
327,CHEMBL3909134,CO[C@H]1Cc2ccccc2C(=C2CCNCC2)c2ccsc21,inactive,311.44999999999993,4.177000000000003,1.0,3.0,4.769551078621726
328,CHEMBL4083333,Cc1nc2n(c(=O)c1CCN1CCN(c3cccc4sccc34)CC1)CCCC2,active,408.57100000000025,3.4674200000000015,0.0,6.0,6.896196279044043
329,CHEMBL4102670,Cc1nc2n(c(=O)c1CCN1CCN(c3cccc4sccc34)CC1)CCCC2O,active,424.5700000000002,2.958320000000002,1.0,7.0,6.752026733638194
330,CHEMBL4104261,Cc1nc2n(c(=O)c1CCN1CCN(c3cccc4sccc34)CC1)CCCC2F,active,426.5610000000002,3.935520000000003,0.0,6.0,6.910094888560602
331,CHEMBL4087132,Cc1nc2n(c(=O)c1CCN1CCN(c3cccc4sccc34)CC1)CCCC2(F)F.Cl,active,444.5510000000002,4.016720000000003,0.0,6.0,6.790484985457369
332,CHEMBL4094825,Cc1nc2ccccn2c(=O)c1CCN1CCN(c2cccc3sccc23)CC1,active,404.53900000000004,3.582320000000003,0.0,6.0,6.87942606879415
333,CHEMBL4128926,CC(C)(C)NS(=O)(=O)c1ccc(-c2sc(C(=O)N[C@H]3C[C@H](C(=O)O)C3)nc2CC2CCCCC2)c2ccccc12,active,583.7760000000004,5.755900000000005,3.0,6.0,8.769551078621726
335,CHEMBL4213342,CNC(=O)c1cc(OCCCCN2CCN(c3nsc4ccccc34)CC2)ccn1,active,425.5580000000001,3.0321000000000016,1.0,7.0,6.034798298974088
336,CHEMBL4209188,CNC(=O)c1cc(OCCCCN2CCN(c3cccc4sccc34)CC2)ccn1,active,424.5700000000001,3.637100000000002,1.0,6.0,6.3788237182249645
337,CHEMBL4284346,O=C1[C@@H]2[C@H]3CC[C@H](C3)[C@@H]2C(=O)N1CCCCN1CCN(c2cccc3sccc23)CC1,active,437.60900000000015,3.8346000000000027,0.0,5.0,6.7594507517174005
338,CHEMBL4277101,O=C1[C@@H]2[C@H](C(=O)N1CCCCN1CCN(c3cccc4sccc34)CC1)[C@H]1C=C[C@@H]2C1,active,435.5930000000002,3.6106000000000025,0.0,5.0,6.709965388637482
339,CHEMBL4286717,CCC1(C)CC(=O)N(CCCCN2CCN(c3cccc4sccc34)CC2)C(=O)C1,active,427.6140000000002,4.368800000000005,0.0,5.0,6.5968794788241825
340,CHEMBL4294617,O=C1CC2(CCCC2)CC(=O)N1CCCCN1CCN(c2cccc3sccc23)CC1,active,439.62500000000017,4.512900000000005,0.0,5.0,6.515700160653214
343,CHEMBL4563408,O=C(Nc1ccc(OC(F)F)nc1)NC1CCN(c2ncnc3c2nc(-c2ccccc2Cl)n3-c2ccc(Cl)cc2)CC1,inactive,625.467,6.576200000000005,2.0,8.0,5.0
344,CHEMBL4446961,COc1ccccc1OCC(O)CN1CCC(=C2c3ccc(Cl)cc3CCc3cccnc32)CC1,active,491.0310000000003,5.1798000000000055,1.0,5.0,8.530177984021837
345,CHEMBL4473466,COc1ccccc1OCCCN1CCC(=C2c3ccc(Cl)cc3CCc3cccnc32)CC1,active,475.03200000000015,6.209000000000007,0.0,4.0,8.032452023781138
346,CHEMBL4467816,COc1ccccc1OC[C@@H](O)CN1CCC(=C2c3ccc(Cl)cc3CCc3cccnc32)CC1,active,491.0310000000003,5.1798000000000055,1.0,5.0,8.341035157335565
347,CHEMBL4591702,COc1ccccc1OC[C@H](O)CN1CCC(=C2c3ccc(Cl)cc3CCc3cccnc32)CC1,active,491.0310000000003,5.1798000000000055,1.0,5.0,8.435333935747911
348,CHEMBL4529928,COc1c(OCC(O)CN2CCC(=C3c4ccc(Cl)cc4CCc4cccnc43)CC2)ccc(F)c1F,active,527.0110000000003,5.458000000000005,1.0,5.0,7.554707230574028
349,CHEMBL4581995,COc1ccc(OCC(O)CN2CCC(=C3c4ccc(Cl)cc4CCc4cccnc43)CC2)cc1,active,491.0310000000003,5.179800000000005,1.0,5.0,7.921905849593589
350,CHEMBL4451332,COc1cccc(OCC(O)CN2CCC(=C3c4ccc(Cl)cc4CCc4cccnc43)CC2)c1,active,491.0310000000003,5.179800000000005,1.0,5.0,8.089375595110798
351,CHEMBL4518271,CC(=O)c1ccccc1OCC(O)CN1CCC(=C2c3ccc(Cl)cc3CCc3cccnc32)CC1,active,503.04200000000026,5.3738000000000055,1.0,5.0,7.678194516142461
352,CHEMBL4565774,OC(COc1ccccc1C(F)(F)F)CN1CCC(=C2c3ccc(Cl)cc3CCc3cccnc32)CC1,active,529.0020000000001,6.190000000000006,1.0,4.0,7.0873528937816825
353,CHEMBL4445636,O=[N+]([O-])c1ccccc1OCC(O)CN1CCC(=C2c3ccc(Cl)cc3CCc3cccnc32)CC1,active,506.0020000000003,5.079400000000005,1.0,6.0,7.276955008356555
354,CHEMBL4458953,OC(COc1ccccc1Br)CN1CCC(=C2c3ccc(Cl)cc3CCc3cccnc32)CC1,active,539.9010000000002,5.933700000000006,1.0,4.0,7.395557933739277
355,CHEMBL4539056,OC(COc1ccccc1Cl)CN1CCC(=C2c3ccc(Cl)cc3CCc3cccnc32)CC1,active,495.4500000000003,5.8246000000000056,1.0,4.0,7.546528766277064
356,CHEMBL4556553,OC(COc1ccccc1F)CN1CCC(=C2c3ccc(Cl)cc3CCc3cccnc32)CC1,active,478.99500000000023,5.310300000000006,1.0,4.0,8.324221658325914
357,CHEMBL4557928,OC(COc1ccccc1OC(F)(F)F)CN1CCC(=C2c3ccc(Cl)cc3CCc3cccnc32)CC1,active,545.0010000000002,6.069800000000006,1.0,5.0,7.435215615496014
358,CHEMBL4539150,Cc1ccccc1OCC(O)CN1CCC(=C2c3ccc(Cl)cc3CCc3cccnc32)CC1,active,475.03200000000027,5.479620000000006,1.0,4.0,8.050609993355087
359,CHEMBL4473399,CCOc1ccccc1OCC(O)CN1CCC(=C2c3ccc(Cl)cc3CCc3cccnc32)CC1,active,505.0580000000002,5.569900000000006,1.0,5.0,7.753255290276159
360,CHEMBL4587694,OC(COc1ccccc1)CN1CCC(=C2c3ccc(Cl)cc3CCc3cccnc32)CC1,active,461.0050000000002,5.171200000000005,1.0,4.0,8.20551195334083
361,CHEMBL4638599,O=c1n(CCCCN2CCN(c3cccc4sccc34)CC2)nc2ccccn12,active,407.5430000000002,3.3131000000000013,0.0,7.0,7.053056729302175
362,CHEMBL4644352,O=c1n(CCCCN2CCN(c3cccc4sccc34)CC2)nc2c(F)cccn12,active,425.5330000000002,3.452200000000002,0.0,7.0,7.510041520575165
363,CHEMBL4644391,N#Cc1ccc2nn(CCCCN3CCN(c4cccc5sccc45)CC3)c(=O)n2c1,active,432.55300000000017,3.1847800000000017,0.0,8.0,7.115771230367396
364,CHEMBL4748265,COc1cn(-c2ccc(OCCCN3CCCC3)cc2)ccc1=O,inactive,328.4119999999999,2.7108000000000008,0.0,5.0,5.0
365,CHEMBL4873647,CC(F)(F)COc1ncncc1CNc1ncc(C#N)c(N[C@@H]2CC[C@H](O)C(C)(C)C2)n1,inactive,447.4900000000003,3.135880000000001,3.0,9.0,4.958607314841775
366,CHEMBL5092058,Cc1cn([C@H](C)CC#N)c(=O)c2cc(Cn3nc(C(F)F)cc3Cl)nn12,inactive,380.78600000000006,3.1149000000000013,0.0,7.0,5.0
367,CHEMBL4636881,CC(=O)Nc1c(F)cc(C(=O)N[C@H]2CC[C@H](O)CC2)cc1O[C@@H](C)c1ccccc1,inactive,414.47700000000015,3.9574000000000034,3.0,4.0,4.600000074606178
368,CHEMBL4635134,CNC(=O)c1cc(C(=O)NC2CC2)cn(Cc2ccccc2)c1=O,inactive,325.368,1.1483999999999992,2.0,4.0,4.600000074606178
369,CHEMBL4639128,COCc1nc2cnc3cc(-c4c(C)noc4C)c(OC[C@H]4CCNC4)cc3c2n1[C@H](C)c1ccccc1,inactive,511.6260000000003,5.600340000000005,1.0,8.0,4.600000074606178
370,CHEMBL5078078,CC(C)(O)c1ccc(N2Cc3c(ccnc3-c3ccc(F)cc3OCC(F)(F)F)C2=O)cc1,inactive,460.42700000000013,5.216600000000003,1.0,4.0,5.0
371,CHEMBL4519018,CN1C2CCCC1CC(Nc1ccccc1Br)C2,active,309.2510000000001,3.876300000000003,1.0,2.0,6.696803942579511
373,CHEMBL5398630,O=C(O)/C=C/C(=O)O.[2H]C([2H])(Cc1c[nH]c2ccccc12)N(C)C,active,190.28620355599998,2.2720000000000002,1.0,1.0,6.468521082957745
374,CHEMBL3183055,CN(C)CCc1c[nH]c2ccccc12.O=C(O)/C=C/C(=O)O,active,188.274,2.2720000000000002,1.0,1.0,6.2839966563652006
375,CHEMBL2017291,COc1cc2c(cc1-c1c(C)noc1C)ncc1[nH]c(=O)n([C@H](C)c3ccccn3)c12,inactive,415.45300000000015,4.162540000000002,1.0,7.0,4.5003129173815966
376,CHEMBL3643413,CCC(=O)N1CC[C@H](Nc2ncnc3c2CN(c2cnc(OC)c(C(F)(F)F)c2)CC3)C1,inactive,450.4650000000002,2.884500000000002,1.0,7.0,4.522878745280337
